race_id,race_name,surface,distance_m,waku,horse_number,horse_name,sex_age,weight_carried,jockey,trainer,horse_weight,win_odds,horse_id,jockey_id,trainer_id,score,predicted_rank
202610020705,2歳新馬,芝,1200,1,1,ウインガラハッド,牡2,55.0,松山 弘平,栗東宮 徹,,---.-,2024103547,1126,1018,0.6250000000000001,1
202610020705,2歳新馬,芝,1200,7,7,リヴィエラヴィル,牝2,54.0,☆田山 旺佑,栗東坂口 智康,,---.-,2024105799,1220,1170,0.5059137789584717,2
202610020705,2歳新馬,芝,1200,5,5,ナムラメアリー,牝2,55.0,田口 貫太,栗東鈴木 孝志,,---.-,2024103699,1208,1111,0.4573810733028611,3
202610020705,2歳新馬,芝,1200,2,2,タナコクシテンホウ,牡2,55.0,幸 英明,栗東大根田 裕之,,---.-,2024101174,732,1032,0.43700655616602796,4
202610020705,2歳新馬,芝,1200,3,3,ハマナスノサクコロ,牝2,55.0,松若 風馬,栗東武 英智,,---.-,2024105994,1154,1161,0.4300575809869735,5
202610020705,2歳新馬,芝,1200,6,6,マルモタワー,牡2,55.0,富田 暁,栗東中尾 秀正,,---.-,2024102979,1168,1069,0.4012909686608599,6
202610020705,2歳新馬,芝,1200,4,4,キシュウマミー,牝2,55.0,国分 恭介,栗東安達 昭夫,,---.-,2024101724,1124,1042,0.37500000000000006,7
