race_id,race_name,surface,distance_m,waku,horse_number,horse_name,sex_age,weight_carried,jockey,trainer,horse_weight,win_odds,horse_id,jockey_id,trainer_id,score,predicted_rank
202602011101,2歳未勝利,芝,1800,6,6,イッペイ,牡2,55.0,浜中,栗東松永幹,,---.-,2024104442,1115,1092,0.9250000000000002,1
202602011101,2歳未勝利,芝,1800,2,2,ロジクラウン,牡2,55.0,武豊,栗東須貝,,---.-,2024106533,666,1105,0.7813546423135466,2
202602011101,2歳未勝利,芝,1800,3,3,アートオブブライト,牡2,55.0,丹内,美浦水野,,---.-,2024104687,1091,1094,0.4893855606758833,3
202602011101,2歳未勝利,芝,1800,5,5,レインボースター,牝2,54.0,☆舟山,栗東加藤公,,---.-,2024106942,1221,1215,0.45587131822425947,4
202602011101,2歳未勝利,芝,1800,1,1,サンゴート,牝2,53.0,△鷲頭,美浦村田,,---.-,2024100004,1202,1190,0.42572562358276644,5
202602011101,2歳未勝利,芝,1800,4,4,ロードレスポンス,牡2,55.0,横山和,美浦和田勇,,---.-,2024102603,1140,1165,0.3553913519430761,6
202602011101,2歳未勝利,芝,1800,8,8,ガーシュウィン,牡2,51.0,★河原田,美浦和田雄,,---.-,2024100352,1204,1143,0.28388888888888897,7
202602011101,2歳未勝利,芝,1800,7,7,ハイビスカス,牝2,55.0,佐々木,美浦杉浦,,---.-,2024107403,1197,1008,0.2837288135593221,8
