race_id,race_name,surface,distance_m,waku,horse_number,horse_name,sex_age,weight_carried,jockey,trainer,horse_weight,win_odds,horse_id,jockey_id,trainer_id,score,predicted_rank
202602011101,2歳未勝利,芝,1800,6,6,イッペイ,牡2,55.0,浜中 俊,栗東松永 幹夫,,---.-,2024104442,1115,1092,0.9250000000000002,1
202602011101,2歳未勝利,芝,1800,2,2,ロジクラウン,牡2,55.0,武 豊,栗東須貝 尚介,,---.-,2024106533,666,1105,0.7813546423135466,2
202602011101,2歳未勝利,芝,1800,3,3,アートオブブライト,牡2,55.0,丹内 祐次,美浦水野 貴広,,---.-,2024104687,1091,1094,0.4893855606758833,3
202602011101,2歳未勝利,芝,1800,5,5,レインボースター,牝2,54.0,☆舟山 瑠泉,栗東加藤 公太,,---.-,2024106942,1221,1215,0.45587131822425947,4
202602011101,2歳未勝利,芝,1800,1,1,サンゴート,牝2,53.0,△鷲頭 虎太,美浦村田 一誠,,---.-,2024100004,1202,1190,0.42572562358276644,5
202602011101,2歳未勝利,芝,1800,4,4,ロードレスポンス,牡2,55.0,横山 和生,美浦和田 勇介,,---.-,2024102603,1140,1165,0.3553913519430761,6
202602011101,2歳未勝利,芝,1800,8,8,ガーシュウィン,牡2,51.0,★河原田 菜々,美浦和田 雄二,,---.-,2024100352,1204,1143,0.28388888888888897,7
202602011101,2歳未勝利,芝,1800,7,7,ハイビスカス,牝2,55.0,佐々木 大輔,美浦杉浦 宏昭,,---.-,2024107403,1197,1008,0.2837288135593221,8
