{
  "features": [
    "n_races_log",
    "win_rate",
    "place_rate",
    "avg_finish_recent",
    "avg_last3f_recent",
    "days_since_last",
    "no_history",
    "jockey_win_rate",
    "jockey_n_log",
    "aptitude",
    "track_cond",
    "weight_change_abs",
    "weight_carried",
    "field_size",
    "log_odds",
    "popularity"
  ],
  "medians": {
    "n_races_log": 0.6931471805599453,
    "win_rate": 0.0,
    "place_rate": 0.0,
    "avg_finish_recent": 6.6,
    "avg_last3f_recent": 36.3,
    "days_since_last": 22.0,
    "no_history": 0.0,
    "jockey_win_rate": 0.0743801652892562,
    "jockey_n_log": 4.61512051684126,
    "aptitude": 6.0,
    "track_cond": 6.0,
    "weight_change_abs": 4.0,
    "weight_carried": 56.0,
    "field_size": 15.0,
    "log_odds": 3.2068032436339315,
    "popularity": 7.0
  },
  "scaler_mean": [
    0.5869568429257729,
    0.03396590762848325,
    0.13054177170650494,
    6.808414521452145,
    36.14890877887789,
    28.22978217821782,
    0.4754059405940594,
    0.083501377766878,
    4.455498832898259,
    6.131594592404561,
    6.287374188790079,
    4.552237623762376,
    55.91108910891089,
    14.492752475247524,
    3.291290102695635,
    7.7197623762376235
  ],
  "scaler_scale": [
    0.7407995215901717,
    0.1523421403185606,
    0.2958120807335154,
    2.6619626660478715,
    2.8079335329790305,
    22.147391777065106,
    0.499394765933662,
    0.05949077767549219,
    0.837776147816933,
    2.1484627531052785,
    2.2183083885768875,
    4.231422290081704,
    1.8376900594049694,
    2.4818962225531465,
    1.4571188549397183,
    4.392004610424538
  ],
  "coef": [
    -0.11529951171769764,
    0.0049449420588816425,
    -0.10823987812334238,
    -0.08172631420691093,
    -0.03658391675299547,
    -0.012105537380097614,
    -0.05852039387200226,
    -0.10831521069293742,
    0.023442412846447803,
    -0.09763548530178368,
    0.0010196009439169206,
    -0.011276152170715752,
    -0.007840237315307697,
    0.0005167242419860606,
    -2.057033917164235,
    0.30564090998048843
  ],
  "intercept": -3.6315195231808204,
  "trained_at": "2026-07-21T14:29:09.661532+00:00",
  "n_train_rows": 12625,
  "n_train_races": 905
}