race_id,race_name,surface,distance_m,waku,horse_number,horse_name,sex_age,weight_carried,jockey,trainer,horse_weight,win_odds,horse_id,jockey_id,trainer_id,score,predicted_rank
202610020812,筑紫特別,芝,1800,4,4,ロングトールサリー,牝3,53.0,西村淳,栗東福永,,---.-,2023106995,1171,1203,0.6823611215046522,1
202610020812,筑紫特別,芝,1800,8,8,グラスベルグ,牝3,53.0,亀田,栗東斉藤崇,,---.-,2023107007,1176,1151,0.6494841774962258,2
202610020812,筑紫特別,芝,1800,7,7,ミッキージャンプ,牡3,55.0,高杉,栗東池江,,---.-,2023105274,1213,1071,0.644090675260074,3
202610020812,筑紫特別,芝,1800,6,6,オーシンエス,牡4,58.0,渡辺竜,栗東宮,,---.-,2022101608,5558,1018,0.5734555984555986,4
202610020812,筑紫特別,芝,1800,2,2,ヴィーナスバブル,牝4,56.0,松若,栗東東田,,---.-,2022102957,1154,1209,0.2637123450532259,5
202610020812,筑紫特別,芝,1800,8,9,ゼットエイト,牡4,58.0,森田,栗東宮地,,---.-,2022101889,1222,1211,0.2502310752310753,6
202610020812,筑紫特別,芝,1800,5,5,フレイムスター,牡3,55.0,吉村,栗東清水久,,---.-,2023101577,1216,1110,0.19979240269348073,7
202610020812,筑紫特別,芝,1800,3,3,ブリッツアロング,牡4,58.0,菱田,美浦上原博,,---.-,2022102819,1144,423,0.1650226123835033,8
202610020812,筑紫特別,芝,1800,1,1,アウローラシエル,牡6,58.0,幸,栗東森田,,---.-,2020101781,732,1142,0.1450117670412644,9
