race_id,race_name,surface,distance_m,waku,horse_number,horse_name,sex_age,weight_carried,jockey,trainer,horse_weight,win_odds,horse_id,jockey_id,trainer_id,score,predicted_rank
202602011201,2歳未勝利,芝,1200,4,4,ショパンコンクール,牡2,55.0,丹内,美浦岩戸,,---.-,2024100176,1091,1051,0.9250000000000002,1
202602011201,2歳未勝利,芝,1200,1,1,ステラトップガン,牡2,55.0,鮫島駿,栗東高柳大,,---.-,2024100120,1157,1159,0.8990646258503402,2
202602011201,2歳未勝利,芝,1200,5,5,タイフーンナイン,牝2,55.0,佐々木,栗東柴田,,---.-,2024105166,1197,1216,0.8501412429378531,3
202602011201,2歳未勝利,芝,1200,2,2,リーゼントエース,牡2,55.0,池添,栗東矢作,,---.-,2024104845,1032,1075,0.6337179487179488,4
202602011201,2歳未勝利,芝,1200,8,8,キチロクタワー,牡2,54.0,☆長浜,美浦松永康,,---.-,2024100569,1214,1093,0.6240730837789663,5
202602011201,2歳未勝利,芝,1200,3,3,リアルジャパン,牡2,55.0,吉田隼,栗東大橋,,---.-,2024102714,1095,1065,0.43224489795918364,6
202602011201,2歳未勝利,芝,1200,7,7,アイルドフルール,牝2,51.0,★河原田,栗東田中克,,---.-,2024100607,1204,1180,0.18830409356725145,7
202602011201,2歳未勝利,芝,1200,6,6,ゴートゥービッツン,牝2,52.0,▲遠藤,美浦伊藤伸,,---.-,2024104503,1218,1031,0.13499999999999998,8
